{"stats":{"minecraft:picked_up":{"minecraft:leather_chestplate":18,"minecraft:water_bucket":15,"minecraft:torch":1152,"minecraft:stone_sword":18,"minecraft:rotten_flesh":5,"minecraft:slime_ball":1,"minecraft:stone_axe":18,"usefulbackpacks:backpack_small":18,"minecraft:wheat_seeds":20,"ironchests:lock":60,"ironchests:key":60,"minecraft:stone_pickaxe":19,"minecraft:poppy":2,"minecraft:bread":576,"naturalist:snail_shell":1},"minecraft:crafted":{"minecraft:leather_chestplate":6},"minecraft:custom":{"minecraft:time_since_rest":41057,"minecraft:sprint_one_cm":127377,"minecraft:damage_taken":190,"minecraft:walk_one_cm":83389,"minecraft:mob_kills":4,"minecraft:damage_dealt":283,"minecraft:interact_with_crafting_table":1,"minecraft:fly_one_cm":582014,"minecraft:open_chest":45,"minecraft:crouch_one_cm":3744,"minecraft:play_time":140498,"minecraft:deaths":1,"minecraft:sneak_time":4312,"minecraft:interact_with_lectern":2,"minecraft:jump":946,"minecraft:leave_game":8,"minecraft:walk_on_water_one_cm":859,"minecraft:time_since_death":41029,"minecraft:climb_one_cm":91,"minecraft:total_world_time":140498,"minecraft:fall_one_cm":13045},"minecraft:killed":{"naturalist:snail":1,"minecraft:zombie":2},"minecraft:used":{"minecraft:jungle_sapling":11,"minecraft:oak_trapdoor":18,"minecraft:yellow_dye":1,"minecraft:water_bucket":16,"minecraft:light":111,"minecraft:writable_book":1,"minecraft:lava_bucket":1,"minecraft:spruce_slab":161,"minecraft:grass_block":52,"minecraft:bread":4,"minecraft:lectern":1,"minecraft:chest":21,"minecraft:spruce_planks":28,"minecraft:spruce_trapdoor":247,"minecraft:spruce_sign":1,"minecraft:grass":5,"minecraft:wooden_shovel":51,"minecraft:glow_ink_sac":3,"minecraft:spruce_fence_gate":68,"minecraft:bedrock":1,"mcwfurnitures:stripped_oak_modern_chair":19,"supplementaries:lock_block":5,"minecraft:dirt":4,"minecraft:tall_grass":5,"minecraft:written_book":1,"minecraft:oak_slab":1,"minecraft:crafting_table":1,"minecraft:spruce_stairs":7,"minecraft:bucket":10,"minecraft:campfire":4,"minecraft:ochre_froglight":3,"supplementaries:blackstone_tile_slab":1,"minecraft:stripped_oak_log":14,"minecraft:coarse_dirt":24,"minecraft:oak_hanging_sign":9,"minecraft:spruce_log":40,"minecraft:bone_meal":48}},"DataVersion":3465}