{"stats":{"minecraft:custom":{"minecraft:jump":81,"minecraft:time_since_rest":6208,"minecraft:deaths":1,"minecraft:damage_dealt":70,"minecraft:crouch_one_cm":875,"minecraft:leave_game":2,"minecraft:sprint_one_cm":18282,"minecraft:play_time":12152,"minecraft:damage_taken":315,"minecraft:time_since_death":6175,"minecraft:walk_one_cm":12361,"minecraft:sneak_time":209,"minecraft:total_world_time":12152,"minecraft:fall_one_cm":2359,"minecraft:fly_one_cm":15941},"minecraft:killed_by":{"sanitydim:sneaking_terror":1}},"DataVersion":3120}