{"stats":{"minecraft:custom":{"minecraft:time_since_rest":89043,"minecraft:sprint_one_cm":92116,"minecraft:damage_taken":170,"minecraft:walk_one_cm":66597,"minecraft:mob_kills":4,"minecraft:damage_dealt":283,"minecraft:interact_with_crafting_table":1,"minecraft:fly_one_cm":414436,"minecraft:open_chest":33,"minecraft:crouch_one_cm":2441,"minecraft:play_time":89043,"minecraft:sneak_time":3633,"minecraft:interact_with_lectern":1,"minecraft:jump":647,"minecraft:leave_game":6,"minecraft:walk_on_water_one_cm":381,"minecraft:time_since_death":89043,"minecraft:climb_one_cm":56,"minecraft:total_world_time":89043,"minecraft:fall_one_cm":6357},"minecraft:picked_up":{"minecraft:leather_chestplate":18,"minecraft:water_bucket":15,"minecraft:torch":1152,"minecraft:stone_sword":18,"minecraft:rotten_flesh":5,"minecraft:slime_ball":1,"minecraft:stone_axe":18,"usefulbackpacks:backpack_small":18,"minecraft:wheat_seeds":20,"minecraft:stone_pickaxe":19,"minecraft:poppy":2,"minecraft:bread":576,"naturalist:snail_shell":1},"minecraft:used":{"minecraft:jungle_sapling":11,"minecraft:oak_trapdoor":18,"minecraft:yellow_dye":1,"minecraft:water_bucket":10,"minecraft:light":111,"minecraft:writable_book":1,"minecraft:lava_bucket":1,"minecraft:spruce_slab":129,"minecraft:grass_block":50,"minecraft:bread":4,"minecraft:lectern":1,"minecraft:chest":15,"minecraft:spruce_planks":17,"minecraft:spruce_trapdoor":245,"minecraft:spruce_sign":1,"minecraft:wooden_shovel":51,"minecraft:glow_ink_sac":3,"minecraft:spruce_fence_gate":68,"minecraft:bedrock":1,"mcwfurnitures:stripped_oak_modern_chair":19,"supplementaries:lock_block":5,"minecraft:dirt":4,"minecraft:written_book":1,"minecraft:oak_slab":1,"minecraft:crafting_table":1,"minecraft:spruce_stairs":7,"minecraft:bucket":10,"minecraft:campfire":4,"minecraft:ochre_froglight":3,"supplementaries:blackstone_tile_slab":1,"minecraft:stripped_oak_log":14,"minecraft:coarse_dirt":24,"minecraft:oak_hanging_sign":9,"minecraft:spruce_log":39,"minecraft:bone_meal":42},"minecraft:killed":{"naturalist:snail":1,"minecraft:zombie":2},"minecraft:crafted":{"minecraft:leather_chestplate":6}},"DataVersion":3465}