{"stats":{"minecraft:custom":{"minecraft:jump":126,"minecraft:time_since_rest":14155,"minecraft:damage_taken":335,"minecraft:damage_dealt":100,"minecraft:crouch_one_cm":943,"minecraft:leave_game":4,"minecraft:sprint_one_cm":23575,"minecraft:play_time":20099,"minecraft:walk_one_cm":15804,"minecraft:time_since_death":14122,"minecraft:deaths":1,"minecraft:sneak_time":215,"minecraft:total_world_time":20099,"minecraft:fall_one_cm":4507,"minecraft:fly_one_cm":24472},"minecraft:killed_by":{"sanitydim:sneaking_terror":1}},"DataVersion":3120}