{"stats":{"minecraft:picked_up":{"minecraft:dirt":1},"minecraft:used":{"minecraft:dirt":1},"minecraft:custom":{"minecraft:jump":25,"minecraft:time_since_rest":1344,"minecraft:leave_game":1,"minecraft:sprint_one_cm":4834,"minecraft:play_time":1344,"minecraft:damage_taken":20,"minecraft:time_since_death":1344,"minecraft:walk_one_cm":2180,"minecraft:total_world_time":1344,"minecraft:fall_one_cm":476,"minecraft:fly_one_cm":2885},"minecraft:mined":{"minecraft:sweet_berry_bush":1,"minecraft:grass_block":1}},"DataVersion":3465}