{"stats":{"minecraft:custom":{"minecraft:jump":56,"minecraft:time_since_rest":14250,"minecraft:damage_taken":400,"minecraft:damage_dealt":75,"minecraft:walk_one_cm":15038,"minecraft:leave_game":1,"minecraft:sprint_one_cm":979,"minecraft:play_time":15822,"minecraft:time_since_death":14213,"minecraft:walk_on_water_one_cm":1099,"minecraft:deaths":1,"minecraft:sneak_time":45,"minecraft:total_world_time":15822,"minecraft:fly_one_cm":3548,"minecraft:fall_one_cm":2084},"minecraft:killed_by":{"sanitydim:sneaking_terror":1},"minecraft:mined":{"minecraft:dark_oak_leaves":2}},"DataVersion":3120}