{"stats":{"minecraft:custom":{"minecraft:jump":48,"minecraft:time_since_rest":6812,"minecraft:damage_dealt":55,"minecraft:deaths":1,"minecraft:walk_on_water_one_cm":1099,"minecraft:sprint_one_cm":979,"minecraft:play_time":8384,"minecraft:damage_taken":370,"minecraft:time_since_death":6775,"minecraft:walk_one_cm":14094,"minecraft:sneak_time":11,"minecraft:total_world_time":8384,"minecraft:fall_one_cm":2084,"minecraft:fly_one_cm":2926},"minecraft:killed_by":{"sanitydim:sneaking_terror":1},"minecraft:mined":{"minecraft:dark_oak_leaves":2}},"DataVersion":3120}