{
  "minecraft:recipes/decorations/crafting_table": {
    "criteria": {
      "unlock_right_away": "2024-05-15 01:17:38 +0000"
    },
    "done": true
  },
  "betterdeserttemples:root": {
    "criteria": {
      "always": "2024-05-15 01:17:38 +0000"
    },
    "done": true
  },
  "wythers:world_explorer": {
    "criteria": {
      "wythers:tropical_forest_river": "2024-05-15 01:21:51 +0000",
      "wythers:dry_tropical_grassland": "2024-05-15 01:22:18 +0000",
      "wythers:humid_tropical_grassland": "2024-05-15 01:21:52 +0000",
      "wythers:tropical_forest": "2024-05-15 01:17:40 +0000",
      "wythers:tropical_grassland": "2024-05-15 01:22:15 +0000"
    },
    "done": false
  },
  "betterdungeons:root": {
    "criteria": {
      "always": "2024-05-15 01:17:38 +0000"
    },
    "done": true
  },
  "DataVersion": 3465
}